{
  "stop_time": {
    "precision": 1.0,
    "recall": 1.0,
    "f1-score": 1.0,
    "support": 70,
    "confused_with": {}
  },
  "battery_charge": {
    "precision": 0.75,
    "recall": 0.6666666666666666,
    "f1-score": 0.7058823529411765,
    "support": 9,
    "confused_with": {
      "battery_voltage": 2
    }
  },
  "battery_voltage": {
    "precision": 0.6666666666666666,
    "recall": 0.4444444444444444,
    "f1-score": 0.5333333333333333,
    "support": 9,
    "confused_with": {
      "frame_id": 2
    }
  },
  "field": {
    "precision": 1.0,
    "recall": 1.0,
    "f1-score": 1.0,
    "support": 10,
    "confused_with": {}
  },
  "start_time": {
    "precision": 1.0,
    "recall": 1.0,
    "f1-score": 1.0,
    "support": 68,
    "confused_with": {}
  },
  "frame_id": {
    "precision": 0.7,
    "recall": 0.875,
    "f1-score": 0.7777777777777777,
    "support": 8,
    "confused_with": {}
  },
  "charge_current": {
    "precision": 0.0,
    "recall": 0.0,
    "f1-score": 0.0,
    "support": 1,
    "confused_with": {
      "battery_charge": 1
    }
  },
  "logic_status": {
    "precision": 0.0,
    "recall": 0.0,
    "f1-score": 0.0,
    "support": 1,
    "confused_with": {}
  },
  "micro avg": {
    "precision": 0.9593023255813954,
    "recall": 0.9375,
    "f1-score": 0.9482758620689655,
    "support": 176
  },
  "macro avg": {
    "precision": 0.6395833333333333,
    "recall": 0.6232638888888888,
    "f1-score": 0.6271241830065359,
    "support": 176
  },
  "weighted avg": {
    "precision": 0.9451704545454546,
    "recall": 0.9375,
    "f1-score": 0.9396316102198455,
    "support": 176
  },
  "accuracy": 0.9859154929577465
}